Query,Expected Intent,Expected Depth,Gemini 2.5 Flash Intent,Gemini 2.5 Flash Intent Score,Gemini 2.5 Flash Depth,Gemini 2.5 Flash Overall Score,Gemini 2.5 Flash Lite Intent,Gemini 2.5 Flash Lite Intent Score,Gemini 2.5 Flash Lite Depth,Gemini 2.5 Flash Lite Overall Score,Gemini 2.5 Pro Intent,Gemini 2.5 Pro Intent Score,Gemini 2.5 Pro Depth,Gemini 2.5 Pro Overall Score,GPT-4o Mini Intent,GPT-4o Mini Intent Score,GPT-4o Mini Depth,GPT-4o Mini Overall Score,GPT-4o Intent,GPT-4o Intent Score,GPT-4o Depth,GPT-4o Overall Score,GPT-5-mini Intent,GPT-5-mini Intent Score,GPT-5-mini Depth,GPT-5-mini Overall Score,GPT-5 Intent,GPT-5 Intent Score,GPT-5 Depth,GPT-5 Overall Score,Claude 3.5 Haiku Intent,Claude 3.5 Haiku Intent Score,Claude 3.5 Haiku Depth,Claude 3.5 Haiku Overall Score,Claude Sonnet 4 Intent,Claude Sonnet 4 Intent Score,Claude Sonnet 4 Depth,Claude Sonnet 4 Overall Score
"I'm reading Romeo and Juliet for class - what's the main theme?",understand,guided,understand,1,surface,0.00,understand,1,guided,1.00,understand,1,surface,0.00,understand,1,surface,0.00,understand,1,surface,0.00,understand,1,surface,0.00,ERROR,0,ERROR,0,understand,1,surface,0.00,understand,1,surface,0.00
"I need to write an essay about postcolonial themes in Things Fall Apart - can you help me analyze them?",evaluate,guided,understand,0,deep,0.00,create,0,guided,0.00,understand,0,guided,0.00,create,0.5,guided,0.50,understand,0,guided,0.00,create,0.5,guided,0.50,ERROR,0,ERROR,0,analyze,0,guided,0.00,create,0.5,deep,0.00
"I'm trying to write a haiku about autumn for my poetry assignment",create,guided,create,1,guided,1.00,create,1,guided,1.00,create,1,guided,1.00,create,1,guided,1.00,create,1,guided,1.00,create,1,guided,1.00,ERROR,0,ERROR,0,create,1,guided,1.00,create,1,guided,1.00
"Can you help me understand what caused the French Revolution? I have a test tomorrow",understand,guided,understand,1,guided,1.00,understand,1,guided,1.00,understand,1,guided,1.00,understand,1,guided,1.00,understand,1,guided,1.00,understand,1,guided,1.00,ERROR,0,ERROR,0,understand,1,guided,1.00,understand,1,guided,1.00
"I'm curious about the Renaissance - what was it like?",explore,guided,understand,0,guided,0.00,understand,0,guided,0.00,explore,1,guided,1.00,explore,1,guided,1.00,understand,0.5,guided,0.50,explore,1,guided,1.00,ERROR,0,ERROR,0,explore,1,guided,1.00,explore,1,guided,1.00
"Compare FDR's New Deal with Reagan's economic policies",understand,guided,understand,1,guided,1.00,understand,1,guided,1.00,understand,1,guided,1.00,evaluate,0,guided,0.00,evaluate,0.5,guided,0.50,evaluate,0.5,guided,0.50,ERROR,0,ERROR,0,understand,1,guided,1.00,evaluate,0.5,deep,0.00
"I have to present in front of the whole class tomorrow and I'm really anxious",regulate,guided,regulate,1,guided,1.00,regulate,1,guided,1.00,regulate,1,guided,1.00,regulate,1,guided,1.00,regulate,1,guided,1.00,regulate,1,guided,1.00,ERROR,0,ERROR,0,regulate,1,guided,1.00,regulate,1,guided,1.00
"I'm studying neuroscience - can you explain how addiction affects the brain's reward pathways?",understand,guided,understand,1,guided,1.00,understand,1,guided,1.00,understand,1,guided,1.00,understand,1,guided,1.00,understand,1,guided,1.00,understand,1,guided,1.00,ERROR,0,ERROR,0,understand,1,guided,1.00,understand,1,guided,1.00
"I keep procrastinating on my homework - any quick tips?",regulate,surface,regulate,1,surface,1.00,regulate,1,guided,0.00,regulate,1,surface,1.00,regulate,1,surface,1.00,regulate,1,surface,1.00,regulate,1,surface,1.00,ERROR,0,ERROR,0,regulate,1,guided,0.00,regulate,1,surface,1.00
"I'm working on a business plan for my entrepreneurship class - it's for a coffee shop",create,guided,create,1,deep,0.00,create,1,guided,1.00,create,1,guided,1.00,create,1,guided,1.00,create,1,guided,1.00,create,1,guided,1.00,ERROR,0,ERROR,0,create,1,guided,1.00,create,1,deep,0.00
"My parents want me to invest my summer job savings - are bonds a good idea right now?",evaluate,guided,understand,0.5,guided,0.50,evaluate,1,guided,1.00,evaluate,1,guided,1.00,evaluate,1,guided,1.00,evaluate,1,guided,1.00,evaluate,1,guided,1.00,ERROR,0,ERROR,0,evaluate,1,guided,1.00,evaluate,1,guided,1.00
"I don't get supply and demand curves - can you explain with examples?",understand,guided,understand,1,guided,1.00,understand,1,guided,1.00,understand,1,guided,1.00,understand,1,guided,1.00,understand,1,guided,1.00,understand,1,guided,1.00,ERROR,0,ERROR,0,understand,1,guided,1.00,understand,1,guided,1.00
"I'm composing a piece for my music theory class and want to use modal interchange - can we work through it?",create,guided,create,1,guided,1.00,create,1,guided,1.00,create,1,guided,1.00,create,1,guided,1.00,create,1,guided,1.00,create,1,guided,1.00,ERROR,0,ERROR,0,create,1,guided,1.00,create,1,guided,1.00
"What's impressionism? I keep hearing about it in art class",understand,surface,understand,1,surface,1.00,understand,1,guided,0.00,understand,1,surface,1.00,understand,1,surface,1.00,understand,1,guided,0.00,understand,1,surface,1.00,ERROR,0,ERROR,0,understand,1,guided,0.00,understand,1,surface,1.00
"I'm interested in trying different pottery glazing techniques for my ceramics project",explore,guided,create,0,guided,0.00,explore,1,guided,1.00,explore,1,guided,1.00,explore,1,guided,1.00,explore,1,guided,1.00,explore,1,guided,1.00,ERROR,0,ERROR,0,explore,1,guided,1.00,explore,1,guided,1.00
"I'm confused about when to use the subjunctive in Spanish - help!",understand,guided,understand,1,guided,1.00,understand,1,guided,1.00,understand,1,guided,1.00,understand,1,guided,1.00,understand,1,guided,1.00,understand,1,guided,1.00,ERROR,0,ERROR,0,understand,1,guided,1.00,understand,1,guided,1.00
"How do I write 'hello, nice to meet you' in Japanese?",understand,surface,understand,1,surface,1.00,create,0,guided,0.00,understand,1,surface,1.00,create,0,surface,0.00,understand,1,surface,1.00,create,0,surface,0.00,ERROR,0,ERROR,0,understand,1,surface,1.00,understand,1,surface,1.00
"For my linguistics paper - how did Latin evolve into the Romance languages?",understand,guided,understand,1,guided,1.00,understand,1,guided,1.00,understand,1,deep,0.00,understand,1,guided,1.00,understand,1,deep,0.00,understand,1,guided,1.00,ERROR,0,ERROR,0,understand,1,guided,1.00,understand,1,deep,0.00
"I've been thinking about free will vs determinism for my philosophy class - let's explore this",explore,deep,explore,1,deep,1.00,explore,1,deep,1.00,explore,1,deep,1.00,explore,1,guided,0.00,explore,1,deep,1.00,explore,1,deep,1.00,ERROR,0,ERROR,0,explore,1,deep,1.00,explore,1,deep,1.00
"Can we discuss the trolley problem? I need to understand it for ethics class",undestand,guided,understand,0,guided,0.00,understand,0,guided,0.00,understand,0,guided,0.00,understand,0,guided,0.00,understand,0,guided,0.00,understand,0,guided,0.00,ERROR,0,ERROR,0,understand,0,guided,0.00,understand,0,guided,0.00
"Critique Kant's categorical imperative in modern contexts",evaluate,deep,evaluate,1,deep,1.00,evaluate,1,guided,0.00,evaluate,1,deep,1.00,evaluate,1,deep,1.00,evaluate,1,guided,0.00,evaluate,1,deep,1.00,ERROR,0,ERROR,0,evaluate,1,deep,1.00,evaluate,1,deep,1.00
"My grandma has diabetes - what are the main symptoms I should know about?",understand,surface,understand,1,surface,1.00,understand,1,guided,0.00,understand,1,surface,1.00,understand,1,surface,1.00,understand,1,guided,0.00,understand,1,surface,1.00,ERROR,0,ERROR,0,understand,1,guided,0.00,understand,1,guided,0.00
"I need a simple meal prep plan for my dorm room",organize,guided,organize,1,guided,1.00,organize,1,guided,1.00,organize,1,guided,1.00,organize,1,guided,1.00,organize,1,guided,1.00,organize,1,guided,1.00,ERROR,0,ERROR,0,organize,1,guided,1.00,organize,1,guided,1.00
"I've been having trouble sleeping since finals started - what can I do?",regulate,guided,solve,0,guided,0.00,regulate,1,guided,1.00,regulate,1,guided,1.00,regulate,1,guided,1.00,regulate,1,guided,1.00,regulate,1,guided,1.00,ERROR,0,ERROR,0,regulate,1,guided,1.00,regulate,1,guided,1.00
"I want to make my apartment more eco-friendly - what renewable energy options exist?",explore,guided,understand,0.5,guided,0.50,explore,1,guided,1.00,understand,0,guided,0.00,explore,1,guided,1.00,understand,0,guided,0.00,explore,1,guided,1.00,ERROR,0,ERROR,0,explore,1,guided,1.00,explore,1,guided,1.00
"My friend says electric cars aren't actually better for the environment - is that true?",evaluate,guided,understand,0,guided,0.00,evaluate,1,guided,1.00,understand,0.5,guided,0.50,understand,0,guided,0.00,evaluate,1,guided,1.00,understand,0,guided,0.00,ERROR,0,ERROR,0,understand,0.5,guided,0.50,evaluate,1,guided,1.00
"For my climate science project - explain the carbon cycle and ocean acidification",understand,guided,understand,1,guided,1.00,understand,1,guided,1.00,understand,1,guided,1.00,understand,1,guided,1.00,understand,1,guided,1.00,understand,1,guided,1.00,ERROR,0,ERROR,0,understand,1,guided,1.00,understand,1,guided,1.00
"I'm studying for the LSAT - can you explain civil vs criminal law?",understand,guided,understand,1,guided,1.00,understand,1,guided,1.00,understand,1,guided,1.00,understand,1,guided,1.00,understand,1,guided,1.00,understand,1,guided,1.00,ERROR,0,ERROR,0,understand,1,guided,1.00,understand,1,guided,1.00
"My landlord won't return my deposit - what are my rights?",understand,guided,understand,1,guided,1.00,solve,0,guided,0.00,understand,1,guided,1.00,understand,1,guided,1.00,understand,1,guided,1.00,understand,1,guided,1.00,ERROR,0,ERROR,0,solve,0.5,guided,0.50,understand,1,guided,1.00
"Analyze the constitutionality of government surveillance programs",evaluate,guided,evaluate,1,deep,0.00,evaluate,1,deep,0.00,evaluate,1,deep,0.00,evaluate,1,deep,0.00,evaluate,1,deep,0.00,evaluate,1,deep,0.00,ERROR,0,ERROR,0,evaluate,1,deep,0.00,evaluate,1,deep,0.00
"I'm student teaching next semester - help me design a curriculum for teaching critical thinking",create,guided,create,1,deep,0.00,create,1,deep,0.00,create,1,deep,0.00,create,1,guided,1.00,create,1,deep,0.00,create,1,guided,1.00,ERROR,0,ERROR,0,create,1,deep,0.00,create,1,deep,0.00
"The kids in my tutoring group won't pay attention - what should I do?",regulate,guided,organize,0,guided,0.00,regulate,1,guided,1.00,solve,0,guided,0.00,regulate,1,guided,1.00,regulate,1,guided,1.00,regulate,1,guided,1.00,ERROR,0,ERROR,0,regulate,1,guided,1.00,solve,0.5,guided,0.50
"I need to create an engaging lesson about photosynthesis for 7th graders",create,guided,create,1,deep,0.00,create,1,guided,1.00,create,1,guided,1.00,create,1,guided,1.00,create,1,guided,1.00,create,1,guided,1.00,ERROR,0,ERROR,0,create,1,guided,1.00,create,1,guided,1.00
"What's cultural relativism? It came up in my anthro reading",understand,surface,understand,1,surface,1.00,understand,1,guided,0.00,understand,1,surface,1.00,understand,1,surface,1.00,understand,1,guided,0.00,understand,1,surface,1.00,ERROR,0,ERROR,0,understand,1,guided,0.00,understand,1,surface,1.00
"I'm researching how social media affects teen identity for my sociology thesis",explore,deep,understand,0.5,deep,0.50,understand,0,deep,0.00,explore,1,deep,1.00,explore,1,deep,1.00,explore,1,deep,1.00,explore,1,deep,1.00,ERROR,0,ERROR,0,explore,1,deep,1.00,understand,0.5,deep,0.50
"Let's debate nature vs nurture - I need different perspectives for my paper",interact,deep,understand,0.5,guided,0.00,explore,0,guided,0.00,interact,1,deep,1.00,explore,0,guided,0.00,explore,0,deep,0.00,explore,0,guided,0.00,ERROR,0,ERROR,0,explore,0,guided,0.00,create,0,deep,0.00
"How do I find the mean of this dataset: [23, 45, 67, 12, 89, 34]?",solve,guided,solve,1,surface,0.00,solve,1,guided,1.00,solve,1,surface,0.00,solve,1,surface,0.00,solve,1,surface,0.00,solve,1,surface,0.00,ERROR,0,ERROR,0,solve,1,surface,0.00,solve,1,surface,0.00
"I'm stuck on quadratic equations - can you walk me through them?",understand,guided,understand,1,guided,1.00,solve,0,guided,0.00,understand,1,guided,1.00,solve,0,guided,0.00,understand,1,guided,1.00,solve,0,guided,0.00,ERROR,0,ERROR,0,understand,1,guided,1.00,understand,1,guided,1.00
"Help me develop a mathematical model for population growth in my research",create,deep,create,1,deep,1.00,create,1,deep,1.00,create,1,deep,1.00,create,1,guided,0.00,create,1,deep,1.00,create,1,guided,0.00,ERROR,0,ERROR,0,create,1,deep,1.00,create,1,deep,1.00
"I have 3 exams tomorrow and I need to focus NOW",regulate,surface,regulate,1,surface,1.00,regulate,1,guided,0.00,regulate,1,surface,1.00,regulate,1,surface,1.00,regulate,1,guided,0.00,regulate,1,surface,1.00,ERROR,0,ERROR,0,regulate,1,guided,0.00,regulate,1,surface,1.00
"I'm graduating soon and thinking about becoming a teacher - how do I plan this transition?",organize,guided,organize,1,deep,0.00,organize,1,guided,1.00,organize,1,guided,1.00,organize,1,guided,1.00,organize,1,guided,1.00,organize,1,guided,1.00,ERROR,0,ERROR,0,organize,1,guided,1.00,organize,1,deep,0.00
"Everyone in my program seems smarter than me - dealing with major imposter syndrome",regulate,deep,regulate,1,guided,0.00,regulate,1,guided,0.00,regulate,1,guided,0.00,regulate,1,guided,0.00,regulate,1,guided,0.00,regulate,1,guided,0.00,ERROR,0,ERROR,0,regulate,1,guided,0.00,regulate,1,guided,0.00
"The tomatoes in my dorm garden have yellow leaves - what's wrong?",solve,guided,understand,0,surface,0.00,solve,1,guided,1.00,understand,0.5,guided,0.50,understand,0,guided,0.00,understand,0.5,guided,0.50,understand,0,guided,0.00,ERROR,0,ERROR,0,understand,0.5,surface,0.00,solve,1,guided,1.00
"Plan a crop rotation for my community garden plot",organize,guided,organize,1,guided,1.00,organize,1,guided,1.00,organize,1,guided,1.00,organize,1,guided,1.00,organize,1,guided,1.00,organize,1,guided,1.00,ERROR,0,ERROR,0,organize,1,guided,1.00,organize,1,guided,1.00
"I'm interested in sustainable farming - can we explore permaculture?",explore,guided,explore,1,deep,0.00,explore,1,guided,1.00,explore,1,guided,1.00,explore,1,guided,1.00,explore,1,guided,1.00,explore,1,guided,1.00,ERROR,0,ERROR,0,explore,1,guided,1.00,explore,1,deep,0.00
"I have chicken, rice, and some veggies - what can I make for dinner?",create,guided,create,1,guided,1.00,create,1,guided,1.00,create,1,guided,1.00,create,1,surface,0.00,create,1,surface,0.00,create,1,surface,0.00,ERROR,0,ERROR,0,create,1,surface,0.00,create,1,surface,0.00
"My culinary professor mentioned the Maillard reaction - what is it?",understand,surface,understand,1,surface,1.00,understand,1,guided,0.00,understand,1,surface,1.00,understand,1,surface,1.00,understand,1,guided,0.00,understand,1,surface,1.00,ERROR,0,ERROR,0,understand,1,guided,0.00,understand,1,surface,1.00
"My sourdough starter isn't bubbling - how do I fix it?",solve,guided,solve,1,guided,1.00,solve,1,guided,1.00,solve,1,guided,1.00,solve,1,guided,1.00,solve,1,guided,1.00,solve,1,guided,1.00,ERROR,0,ERROR,0,solve,1,guided,1.00,solve,1,guided,1.00
"I only have 15 minutes between classes - need a quick workout",organize,surface,create,0,guided,0.00,organize,1,surface,1.00,create,0.5,guided,0.00,solve,0,surface,0.00,regulate,0,surface,0.00,explore,0,surface,0.00,ERROR,0,ERROR,0,create,0,surface,0.00,organize,1,surface,1.00
"Can you check my deadlift form? I'll describe what I'm doing",understand,guided,evaluate,0,guided,0.00,evaluate,0,guided,0.00,evaluate,0.5,guided,0.50,interact,0,guided,0.00,evaluate,0.5,guided,0.50,interact,0,guided,0.00,ERROR,0,ERROR,0,evaluate,0,guided,0.00,evaluate,0,guided,0.00
"Review my marathon training plan - first race in 4 months",evaluate,guided,evaluate,1,deep,0.00,evaluate,1,guided,1.00,evaluate,1,guided,1.00,evaluate,1,guided,1.00,evaluate,1,guided,1.00,evaluate,1,guided,1.00,ERROR,0,ERROR,0,evaluate,1,guided,1.00,evaluate,1,guided,1.00
"My code has a syntax error on line 42 - help!",solve,guided,solve,1,guided,1.00,solve,1,guided,1.00,solve,1,surface,0.00,solve,1,guided,1.00,solve,1,guided,1.00,solve,1,guided,1.00,ERROR,0,ERROR,0,solve,1,surface,0.00,solve,1,surface,0.00
"I'm learning recursion but it's confusing - can you explain it simply?",understand,surface,understand,1,guided,0.00,understand,1,guided,0.00,understand,1,guided,0.00,understand,1,guided,0.00,understand,1,guided,0.00,understand,1,guided,0.00,ERROR,0,ERROR,0,understand,1,guided,0.00,understand,1,guided,0.00
"I need to design a database schema for my capstone project",create,deep,create,1,deep,1.00,create,1,guided,0.00,create,1,deep,1.00,create,1,guided,0.00,create,1,deep,1.00,create,1,guided,0.00,ERROR,0,ERROR,0,create,1,guided,0.00,create,1,deep,1.00
"What's the difference between speed and velocity?",understand,surface,understand,1,surface,1.00,understand,1,guided,0.00,understand,1,surface,1.00,understand,1,surface,1.00,understand,1,guided,0.00,understand,1,surface,1.00,ERROR,0,ERROR,0,understand,1,surface,1.00,understand,1,surface,1.00
"I'm stuck on this thermodynamics problem about heat engines",solve,guided,solve,1,guided,1.00,solve,1,guided,1.00,solve,1,guided,1.00,solve,1,guided,1.00,solve,1,guided,1.00,solve,1,guided,1.00,ERROR,0,ERROR,0,solve,1,guided,1.00,solve,1,guided,1.00
"I'm fascinated by quantum mechanics - let's explore the double-slit experiment",explore,deep,explore,1,deep,1.00,explore,1,deep,1.00,explore,1,deep,1.00,explore,1,deep,1.00,explore,1,deep,1.00,explore,1,deep,1.00,ERROR,0,ERROR,0,explore,1,deep,1.00,explore,1,deep,1.00

SUMMARY SCORES,,,
Intent Score (with half-credit),,,78.9%,,,,84.2%,,,,89.5%,,,,83.3%,,,,87.7%,,,,84.2%,,,,0.0%,,,,88.6%,,,,91.2%,,,
Depth Score,,,73.7%,,,,73.7%,,,,84.2%,,,,82.5%,,,,73.7%,,,,84.2%,,,,0.0%,,,,70.2%,,,,73.7%,,,
Overall Score,,,58.8%,,,,61.4%,,,,74.6%,,,,67.5%,,,,61.4%,,,,70.2%,,,,0.0%,,,,61.4%,,,,66.7%,,,